Workbook

Sheet Sheet1
A1: SR NO. | B1: Student Name | C1: Math | D1: Science | E1: English | F1: History | G1: total | H1: percentage | I1: result | J1: grade
A2: 1 | B2: Liam | C2: 100 | D2: 67 | E2: 61 | F2: 77 | G2: =SUM(C2:F2) -> 305 | H2: =AVERAGE(C2:F2) -> 76.25 | I2: =IF(MIN(C2:F2)>=50, "PASS","FAIL") -> PASS | J2: =IF(H2="FAIL"," ",IF(H2>=90,"A+",IF(H2>=80,"A",IF(H2>=70,"B+",IF(H2>=60,"B","C"))))) -> B+
A3: 2 | B3: Olivia | C3: 75 | D3: 74 | E3: 68 | F3: 66 | G3: =SUM(C3:F3) -> 283 | H3: =AVERAGE(C3:F3) -> 70.75 | I3: =IF(MIN(C3:F3)>=50, "PASS","FAIL") -> PASS | J3: =IF(H3="FAIL"," ",IF(H3>=90,"A+",IF(H3>=80,"A",IF(H3>=70,"B+",IF(H3>=60,"B","C"))))) -> B+
A4: 3 | B4: Noah | C4: 94 | D4: 65 | E4: 97 | F4: 87 | G4: =SUM(C4:F4) -> 343 | H4: =AVERAGE(C4:F4) -> 85.75 | I4: =IF(MIN(C4:F4)>=50, "PASS","FAIL") -> PASS | J4: =IF(H4="FAIL"," ",IF(H4>=90,"A+",IF(H4>=80,"A",IF(H4>=70,"B+",IF(H4>=60,"B","C"))))) -> A
A5: 4 | B5: Emma | C5: 62 | D5: 61 | E5: 65 | F5: 73 | G5: =SUM(C5:F5) -> 261 | H5: =AVERAGE(C5:F5) -> 65.25 | I5: =IF(MIN(C5:F5)>=50, "PASS","FAIL") -> PASS | J5: =IF(H5="FAIL"," ",IF(H5>=90,"A+",IF(H5>=80,"A",IF(H5>=70,"B+",IF(H5>=60,"B","C"))))) -> B
A6: 5 | B6: Oliver | C6: 74 | D6: 92 | E6: 98 | F6: 61 | G6: =SUM(C6:F6) -> 325 | H6: =AVERAGE(C6:F6) -> 81.25 | I6: =IF(MIN(C6:F6)>=50, "PASS","FAIL") -> PASS | J6: =IF(H6="FAIL"," ",IF(H6>=90,"A+",IF(H6>=80,"A",IF(H6>=70,"B+",IF(H6>=60,"B","C"))))) -> A
A7: 6 | B7: Ava | C7: 28 | D7: 72 | E7: 94 | F7: 86 | G7: =SUM(C7:F7) -> 280 | H7: =AVERAGE(C7:F7) -> 70 | I7: =IF(MIN(C7:F7)>=50, "PASS","FAIL") -> FAIL | J7: =IF(H7="FAIL"," ",IF(H7>=90,"A+",IF(H7>=80,"A",IF(H7>=70,"B+",IF(H7>=60,"B","C"))))) -> B+
A8: 7 | B8: Elijah | C8: 74 | D8: 88 | E8: 97 | F8: 77 | G8: =SUM(C8:F8) -> 336 | H8: =AVERAGE(C8:F8) -> 84 | I8: =IF(MIN(C8:F8)>=50, "PASS","FAIL") -> PASS | J8: =IF(H8="FAIL"," ",IF(H8>=90,"A+",IF(H8>=80,"A",IF(H8>=70,"B+",IF(H8>=60,"B","C"))))) -> A
A9: 8 | B9: Crystal | C9: 60 | D9: 70 | E9: 87 | F9: 45 | G9: =SUM(C9:F9) -> 262 | H9: =AVERAGE(C9:F9) -> 65.5 | I9: =IF(MIN(C9:F9)>=50, "PASS","FAIL") -> FAIL | J9: =IF(H9="FAIL"," ",IF(H9>=90,"A+",IF(H9>=80,"A",IF(H9>=70,"B+",IF(H9>=60,"B","C"))))) -> B
A10: 9 | B10: William | C10: 77 | D10: 69 | E10: 73 | F10: 81 | G10: =SUM(C10:F10) -> 300 | H10: =AVERAGE(C10:F10) -> 75 | I10: =IF(MIN(C10:F10)>=50, "PASS","FAIL") -> PASS | J10: =IF(H10="FAIL"," ",IF(H10>=90,"A+",IF(H10>=80,"A",IF(H10>=70,"B+",IF(H10>=60,"B","C"))))) -> B+
A11: 10 | B11: Sophia | C11: 66 | D11: 65 | E11: 84 | F11: 34 | G11: =SUM(C11:F11) -> 249 | H11: =AVERAGE(C11:F11) -> 62.25 | I11: =IF(MIN(C11:F11)>=50, "PASS","FAIL") -> FAIL | J11: =IF(H11="FAIL"," ",IF(H11>=90,"A+",IF(H11>=80,"A",IF(H11>=70,"B+",IF(H11>=60,"B","C"))))) -> B
A12: 11 | B12: James | C12: 82 | D12: 82 | E12: 98 | F12: 76 | G12: =SUM(C12:F12) -> 338 | H12: =AVERAGE(C12:F12) -> 84.5 | I12: =IF(MIN(C12:F12)>=50, "PASS","FAIL") -> PASS | J12: =IF(H12="FAIL"," ",IF(H12>=90,"A+",IF(H12>=80,"A",IF(H12>=70,"B+",IF(H12>=60,"B","C"))))) -> A
A13: 12 | B13: Amelia | C13: 62 | D13: 89 | E13: 94 | F13: 67 | G13: =SUM(C13:F13) -> 312 | H13: =AVERAGE(C13:F13) -> 78 | I13: =IF(MIN(C13:F13)>=50, "PASS","FAIL") -> PASS | J13: =IF(H13="FAIL"," ",IF(H13>=90,"A+",IF(H13>=80,"A",IF(H13>=70,"B+",IF(H13>=60,"B","C"))))) -> B+
... A20: 19 | B20: MIA | C20: 78 | D20: 98 | E20: 54 | F20: 76 | G20: =SUM(C20:F20) -> 306 | H20: =AVERAGE(C20:F20) -> 76.5 | I20: =IF(MIN(C20:F20)>=50, "PASS","FAIL") -> PASS | J20: =IF(H20="FAIL"," ",IF(H20>=90,"A+",IF(H20>=80,"A",IF(H20>=70,"B+",IF(H20>=60,"B","C"))))) -> B+

Sheet Sheet2
A1: Sr | B1: Name | C1: total | D1: result
A2: 1 | B2: =VLOOKUP(A2,Sheet1!A2:J20,2, FALSE) -> Liam | C2: =VLOOKUP(A2,Sheet1!A2:J21,7,FALSE) -> 305 | D2: =VLOOKUP(B2,Sheet1!B2:K21,9,FALSE) -> B+
A3: 2 | B3: =VLOOKUP(A3,Sheet1!A3:J21,2, FALSE) -> Olivia | C3: =VLOOKUP(A3,Sheet1!A3:J22,7,FALSE) -> 283 | D3: =VLOOKUP(B3,Sheet1!B3:K22,9,FALSE) -> B+
A4: 3 | B4: =VLOOKUP(A4,Sheet1!A4:J22,2, FALSE) -> Noah | C4: =VLOOKUP(A4,Sheet1!A4:J23,7,FALSE) -> 343 | D4: =VLOOKUP(B4,Sheet1!B4:K23,9,FALSE) -> A
A5: 4 | B5: =VLOOKUP(A5,Sheet1!A5:J23,2, FALSE) -> Emma | C5: =VLOOKUP(A5,Sheet1!A5:J24,7,FALSE) -> 261 | D5: =VLOOKUP(B5,Sheet1!B5:K24,9,FALSE) -> B
A6: 5 | B6: =VLOOKUP(A6,Sheet1!A6:J24,2, FALSE) -> Oliver | C6: =VLOOKUP(A6,Sheet1!A6:J25,7,FALSE) -> 325 | D6: =VLOOKUP(B6,Sheet1!B6:K25,9,FALSE) -> A
A7: 6 | B7: =VLOOKUP(A7,Sheet1!A7:J25,2, FALSE) -> Ava | C7: =VLOOKUP(A7,Sheet1!A7:J26,7,FALSE) -> 280 | D7: =VLOOKUP(B7,Sheet1!B7:K26,9,FALSE) -> B+
A8: 7 | B8: =VLOOKUP(A8,Sheet1!A8:J26,2, FALSE) -> Elijah | C8: =VLOOKUP(A8,Sheet1!A8:J27,7,FALSE) -> 336 | D8: =VLOOKUP(B8,Sheet1!B8:K27,9,FALSE) -> A
A9: 8 | B9: =VLOOKUP(A9,Sheet1!A9:J27,2, FALSE) -> Crystal | C9: =VLOOKUP(A9,Sheet1!A9:J28,7,FALSE) -> 262 | D9: =VLOOKUP(B9,Sheet1!B9:K28,9,FALSE) -> B
A10: 9 | B10: =VLOOKUP(A10,Sheet1!A10:J28,2, FALSE) -> William | C10: =VLOOKUP(A10,Sheet1!A10:J29,7,FALSE) -> 300 | D10: =VLOOKUP(B10,Sheet1!B10:K29,9,FALSE) -> B+
A11: 10 | B11: =VLOOKUP(A11,Sheet1!A11:J29,2, FALSE) -> Sophia | C11: =VLOOKUP(A11,Sheet1!A11:J30,7,FALSE) -> 249 | D11: =VLOOKUP(B11,Sheet1!B11:K30,9,FALSE) -> B
A12: 11 | B12: =VLOOKUP(A12,Sheet1!A12:J30,2, FALSE) -> James | C12: =VLOOKUP(A12,Sheet1!A12:J31,7,FALSE) -> 338 | D12: =VLOOKUP(B12,Sheet1!B12:K31,9,FALSE) -> A
A13: 12 | B13: =VLOOKUP(A13,Sheet1!A13:J31,2, FALSE) -> Amelia | C13: =VLOOKUP(A13,Sheet1!A13:J32,7,FALSE) -> 312 | D13: =VLOOKUP(B13,Sheet1!B13:K32,9,FALSE) -> B+
... A20: 19 | B20: =VLOOKUP(A20,Sheet1!A20:J38,2, FALSE) -> MIA | C20: =VLOOKUP(A20,Sheet1!A20:J39,7,FALSE) -> 306 | D20: =VLOOKUP(B20,Sheet1!B20:K39,9,FALSE) -> B+
